1,2026-04-18,P
1,2026-04-17,P
1,2026-04-16,P
1,2026-04-15,P
1,2026-04-14,P
1,2026-04-13,P
1,2026-04-12,P
1,2026-04-11,P
1,2026-04-10,P
1,2026-04-09,P
1,2026-04-08,P
1,2026-04-07,P
1,2026-04-06,P
1,2026-04-05,P
1,2026-04-04,P
1,2026-04-03,P
1,2026-04-02,P
1,2026-04-01,P
1,2026-03-31,P
1,2026-03-30,P
1,2026-03-29,P
1,2026-03-28,P
1,2026-03-27,P
1,2026-03-26,P
1,2026-03-25,A
1,2026-03-24,P
1,2026-03-23,P
1,2026-03-22,P
1,2026-03-21,P
1,2026-03-20,P
1,2026-03-19,P
1,2026-03-18,P
1,2026-03-17,P
1,2026-03-16,A
1,2026-03-15,P
1,2026-03-14,P
1,2026-03-13,P
1,2026-03-12,P
1,2026-03-11,P
1,2026-03-10,P
1,2026-03-09,P
1,2026-03-08,P
1,2026-03-07,P
1,2026-03-06,P
1,2026-03-05,P
1,2026-03-04,P
1,2026-03-03,P
1,2026-03-02,P
1,2026-03-01,P
1,2026-02-28,P
1,2026-05-18,P
1,2026-05-23,A
2,2026-04-18,P
2,2026-04-17,P
2,2026-04-16,P
2,2026-04-15,A
2,2026-04-14,P
2,2026-04-13,P
2,2026-04-12,P
2,2026-04-11,P
2,2026-04-10,P
2,2026-04-09,P
2,2026-04-08,A
2,2026-04-07,P
2,2026-04-06,P
2,2026-04-05,P
2,2026-04-04,P
2,2026-04-03,P
2,2026-04-02,P
2,2026-04-01,P
2,2026-03-31,P
2,2026-03-30,P
2,2026-03-29,P
2,2026-03-28,A
2,2026-03-27,P
2,2026-03-26,P
2,2026-03-25,P
2,2026-03-24,P
2,2026-03-23,A
2,2026-03-22,P
2,2026-03-21,P
2,2026-03-20,P
2,2026-03-19,P
2,2026-03-18,P
2,2026-03-17,P
2,2026-03-16,P
2,2026-03-15,P
2,2026-03-14,P
2,2026-03-13,A
2,2026-03-12,P
2,2026-03-11,P
2,2026-03-10,P
2,2026-03-09,P
2,2026-03-08,P
2,2026-03-07,P
2,2026-03-06,P
2,2026-03-05,P
2,2026-03-04,P
2,2026-03-03,A
2,2026-03-02,P
2,2026-03-01,A
2,2026-02-28,P
2,2026-05-18,P
2,2026-05-23,A
3,2026-04-18,P
3,2026-04-17,P
3,2026-04-16,P
3,2026-04-15,P
3,2026-04-14,P
3,2026-04-13,P
3,2026-04-12,P
3,2026-04-11,P
3,2026-04-10,P
3,2026-04-09,A
3,2026-04-08,A
3,2026-04-07,P
3,2026-04-06,P
3,2026-04-05,P
3,2026-04-04,A
3,2026-04-03,A
3,2026-04-02,P
3,2026-04-01,P
3,2026-03-31,P
3,2026-03-30,P
3,2026-03-29,P
3,2026-03-28,P
3,2026-03-27,P
3,2026-03-26,P
3,2026-03-25,P
3,2026-03-24,P
3,2026-03-23,P
3,2026-03-22,A
3,2026-03-21,A
3,2026-03-20,P
3,2026-03-19,P
3,2026-03-18,P
3,2026-03-17,A
3,2026-03-16,A
3,2026-03-15,P
3,2026-03-14,P
3,2026-03-13,P
3,2026-03-12,P
3,2026-03-11,P
3,2026-03-10,P
3,2026-03-09,P
3,2026-03-08,P
3,2026-03-07,P
3,2026-03-06,A
3,2026-03-05,P
3,2026-03-04,P
3,2026-03-03,P
3,2026-03-02,P
3,2026-03-01,P
3,2026-02-28,P
3,2026-05-18,P
3,2026-05-23,A
4,2026-04-18,A
4,2026-04-17,P
4,2026-04-16,P
4,2026-04-15,P
4,2026-04-14,P
4,2026-04-13,P
4,2026-04-12,P
4,2026-04-11,P
4,2026-04-10,P
4,2026-04-09,P
4,2026-04-08,P
4,2026-04-07,P
4,2026-04-06,P
4,2026-04-05,P
4,2026-04-04,P
4,2026-04-03,P
4,2026-04-02,P
4,2026-04-01,P
4,2026-03-31,P
4,2026-03-30,P
4,2026-03-29,A
4,2026-03-28,P
4,2026-03-27,P
4,2026-03-26,P
4,2026-03-25,P
4,2026-03-24,P
4,2026-03-23,P
4,2026-03-22,P
4,2026-03-21,P
4,2026-03-20,P
4,2026-03-19,P
4,2026-03-18,P
4,2026-03-17,A
4,2026-03-16,P
4,2026-03-15,P
4,2026-03-14,P
4,2026-03-13,P
4,2026-03-12,P
4,2026-03-11,P
4,2026-03-10,P
4,2026-03-09,P
4,2026-03-08,P
4,2026-03-07,P
4,2026-03-06,A
4,2026-03-05,P
4,2026-03-04,P
4,2026-03-03,P
4,2026-03-02,P
4,2026-03-01,A
4,2026-02-28,P
4,2026-05-18,P
4,2026-05-23,A
5,2026-04-18,A
5,2026-04-17,A
5,2026-04-16,A
5,2026-04-15,P
5,2026-04-14,P
5,2026-04-13,P
5,2026-04-12,P
5,2026-04-11,P
5,2026-04-10,P
5,2026-04-09,A
5,2026-04-08,P
5,2026-04-07,A
5,2026-04-06,P
5,2026-04-05,P
5,2026-04-04,A
5,2026-04-03,A
5,2026-04-02,P
5,2026-04-01,A
5,2026-03-31,P
5,2026-03-30,P
5,2026-03-29,A
5,2026-03-28,P
5,2026-03-27,P
5,2026-03-26,A
5,2026-03-25,P
5,2026-03-24,P
5,2026-03-23,P
5,2026-03-22,A
5,2026-03-21,P
5,2026-03-20,A
5,2026-03-19,P
5,2026-03-18,P
5,2026-03-17,P
5,2026-03-16,P
5,2026-03-15,P
5,2026-03-14,P
5,2026-03-13,A
5,2026-03-12,P
5,2026-03-11,P
5,2026-03-10,P
5,2026-03-09,P
5,2026-03-08,P
5,2026-03-07,P
5,2026-03-06,A
5,2026-03-05,P
5,2026-03-04,A
5,2026-03-03,P
5,2026-03-02,P
5,2026-03-01,P
5,2026-02-28,P
5,2026-05-18,P
5,2026-05-23,A
6,2026-04-18,P
6,2026-04-17,P
6,2026-04-16,P
6,2026-04-15,P
6,2026-04-14,A
6,2026-04-13,A
6,2026-04-12,P
6,2026-04-11,P
6,2026-04-10,P
6,2026-04-09,A
6,2026-04-08,A
6,2026-04-07,P
6,2026-04-06,P
6,2026-04-05,P
6,2026-04-04,P
6,2026-04-03,P
6,2026-04-02,P
6,2026-04-01,A
6,2026-03-31,P
6,2026-03-30,P
6,2026-03-29,P
6,2026-03-28,P
6,2026-03-27,P
6,2026-03-26,A
6,2026-03-25,P
6,2026-03-24,P
6,2026-03-23,P
6,2026-03-22,P
6,2026-03-21,P
6,2026-03-20,P
6,2026-03-19,P
6,2026-03-18,P
6,2026-03-17,P
6,2026-03-16,P
6,2026-03-15,P
6,2026-03-14,A
6,2026-03-13,P
6,2026-03-12,P
6,2026-03-11,P
6,2026-03-10,P
6,2026-03-09,P
6,2026-03-08,P
6,2026-03-07,P
6,2026-03-06,P
6,2026-03-05,P
6,2026-03-04,P
6,2026-03-03,P
6,2026-03-02,P
6,2026-03-01,P
6,2026-02-28,A
6,2026-05-18,P
6,2026-05-23,A
7,2026-04-18,A
7,2026-04-17,P
7,2026-04-16,A
7,2026-04-15,P
7,2026-04-14,P
7,2026-04-13,P
7,2026-04-12,P
7,2026-04-11,A
7,2026-04-10,A
7,2026-04-09,A
7,2026-04-08,A
7,2026-04-07,P
7,2026-04-06,P
7,2026-04-05,P
7,2026-04-04,A
7,2026-04-03,A
7,2026-04-02,P
7,2026-04-01,A
7,2026-03-31,P
7,2026-03-30,A
7,2026-03-29,A
7,2026-03-28,A
7,2026-03-27,A
7,2026-03-26,A
7,2026-03-25,P
7,2026-03-24,A
7,2026-03-23,P
7,2026-03-22,A
7,2026-03-21,A
7,2026-03-20,A
7,2026-03-19,A
7,2026-03-18,P
7,2026-03-17,A
7,2026-03-16,P
7,2026-03-15,A
7,2026-03-14,A
7,2026-03-13,P
7,2026-03-12,A
7,2026-03-11,P
7,2026-03-10,P
7,2026-03-09,A
7,2026-03-08,P
7,2026-03-07,P
7,2026-03-06,P
7,2026-03-05,P
7,2026-03-04,A
7,2026-03-03,A
7,2026-03-02,P
7,2026-03-01,A
7,2026-02-28,P
7,2026-05-18,P
7,2026-05-23,A
8,2026-04-18,A
8,2026-04-17,P
8,2026-04-16,P
8,2026-04-15,P
8,2026-04-14,A
8,2026-04-13,P
8,2026-04-12,A
8,2026-04-11,P
8,2026-04-10,P
8,2026-04-09,P
8,2026-04-08,P
8,2026-04-07,P
8,2026-04-06,P
8,2026-04-05,P
8,2026-04-04,P
8,2026-04-03,P
8,2026-04-02,P
8,2026-04-01,P
8,2026-03-31,P
8,2026-03-30,P
8,2026-03-29,P
8,2026-03-28,P
8,2026-03-27,P
8,2026-03-26,P
8,2026-03-25,P
8,2026-03-24,P
8,2026-03-23,P
8,2026-03-22,P
8,2026-03-21,P
8,2026-03-20,P
8,2026-03-19,P
8,2026-03-18,P
8,2026-03-17,P
8,2026-03-16,P
8,2026-03-15,P
8,2026-03-14,P
8,2026-03-13,P
8,2026-03-12,P
8,2026-03-11,P
8,2026-03-10,P
8,2026-03-09,P
8,2026-03-08,P
8,2026-03-07,P
8,2026-03-06,P
8,2026-03-05,P
8,2026-03-04,P
8,2026-03-03,P
8,2026-03-02,P
8,2026-03-01,P
8,2026-02-28,P
8,2026-05-18,P
8,2026-05-23,A
9,2026-04-18,P
9,2026-04-17,P
9,2026-04-16,P
9,2026-04-15,A
9,2026-04-14,A
9,2026-04-13,P
9,2026-04-12,P
9,2026-04-11,P
9,2026-04-10,P
9,2026-04-09,P
9,2026-04-08,A
9,2026-04-07,P
9,2026-04-06,P
9,2026-04-05,P
9,2026-04-04,P
9,2026-04-03,P
9,2026-04-02,P
9,2026-04-01,P
9,2026-03-31,A
9,2026-03-30,P
9,2026-03-29,P
9,2026-03-28,P
9,2026-03-27,P
9,2026-03-26,P
9,2026-03-25,P
9,2026-03-24,P
9,2026-03-23,P
9,2026-03-22,P
9,2026-03-21,P
9,2026-03-20,P
9,2026-03-19,P
9,2026-03-18,P
9,2026-03-17,P
9,2026-03-16,A
9,2026-03-15,P
9,2026-03-14,P
9,2026-03-13,P
9,2026-03-12,A
9,2026-03-11,P
9,2026-03-10,A
9,2026-03-09,P
9,2026-03-08,A
9,2026-03-07,P
9,2026-03-06,A
9,2026-03-05,A
9,2026-03-04,P
9,2026-03-03,P
9,2026-03-02,P
9,2026-03-01,A
9,2026-02-28,P
9,2026-05-18,P
9,2026-05-23,A
10,2026-04-18,A
10,2026-04-17,A
10,2026-04-16,P
10,2026-04-15,P
10,2026-04-14,P
10,2026-04-13,P
10,2026-04-12,A
10,2026-04-11,P
10,2026-04-10,P
10,2026-04-09,P
10,2026-04-08,P
10,2026-04-07,P
10,2026-04-06,P
10,2026-04-05,P
10,2026-04-04,P
10,2026-04-03,P
10,2026-04-02,P
10,2026-04-01,A
10,2026-03-31,A
10,2026-03-30,P
10,2026-03-29,P
10,2026-03-28,P
10,2026-03-27,P
10,2026-03-26,P
10,2026-03-25,P
10,2026-03-24,A
10,2026-03-23,P
10,2026-03-22,A
10,2026-03-21,A
10,2026-03-20,A
10,2026-03-19,P
10,2026-03-18,P
10,2026-03-17,P
10,2026-03-16,A
10,2026-03-15,A
10,2026-03-14,A
10,2026-03-13,P
10,2026-03-12,A
10,2026-03-11,P
10,2026-03-10,P
10,2026-03-09,P
10,2026-03-08,P
10,2026-03-07,P
10,2026-03-06,P
10,2026-03-05,P
10,2026-03-04,A
10,2026-03-03,P
10,2026-03-02,P
10,2026-03-01,P
10,2026-02-28,P
10,2026-05-18,P
10,2026-05-23,A
11,2026-04-18,P
11,2026-04-17,P
11,2026-04-16,P
11,2026-04-15,P
11,2026-04-14,P
11,2026-04-13,P
11,2026-04-12,P
11,2026-04-11,P
11,2026-04-10,P
11,2026-04-09,P
11,2026-04-08,P
11,2026-04-07,P
11,2026-04-06,P
11,2026-04-05,P
11,2026-04-04,P
11,2026-04-03,P
11,2026-04-02,P
11,2026-04-01,P
11,2026-03-31,P
11,2026-03-30,P
11,2026-03-29,A
11,2026-03-28,P
11,2026-03-27,P
11,2026-03-26,P
11,2026-03-25,P
11,2026-03-24,P
11,2026-03-23,A
11,2026-03-22,P
11,2026-03-21,P
11,2026-03-20,P
11,2026-03-19,P
11,2026-03-18,P
11,2026-03-17,P
11,2026-03-16,P
11,2026-03-15,P
11,2026-03-14,P
11,2026-03-13,P
11,2026-03-12,P
11,2026-03-11,P
11,2026-03-10,P
11,2026-03-09,P
11,2026-03-08,A
11,2026-03-07,P
11,2026-03-06,P
11,2026-03-05,P
11,2026-03-04,P
11,2026-03-03,A
11,2026-03-02,P
11,2026-03-01,P
11,2026-02-28,P
11,2026-05-18,P
12,2026-04-18,P
12,2026-04-17,P
12,2026-04-16,P
12,2026-04-15,P
12,2026-04-14,P
12,2026-04-13,P
12,2026-04-12,P
12,2026-04-11,A
12,2026-04-10,P
12,2026-04-09,P
12,2026-04-08,P
12,2026-04-07,P
12,2026-04-06,P
12,2026-04-05,P
12,2026-04-04,P
12,2026-04-03,P
12,2026-04-02,P
12,2026-04-01,A
12,2026-03-31,P
12,2026-03-30,P
12,2026-03-29,P
12,2026-03-28,P
12,2026-03-27,P
12,2026-03-26,A
12,2026-03-25,P
12,2026-03-24,P
12,2026-03-23,P
12,2026-03-22,P
12,2026-03-21,P
12,2026-03-20,P
12,2026-03-19,P
12,2026-03-18,P
12,2026-03-17,P
12,2026-03-16,P
12,2026-03-15,A
12,2026-03-14,P
12,2026-03-13,P
12,2026-03-12,P
12,2026-03-11,P
12,2026-03-10,P
12,2026-03-09,P
12,2026-03-08,P
12,2026-03-07,P
12,2026-03-06,P
12,2026-03-05,P
12,2026-03-04,A
12,2026-03-03,P
12,2026-03-02,P
12,2026-03-01,P
12,2026-02-28,A
12,2026-05-18,P
13,2026-04-18,P
13,2026-04-17,A
13,2026-04-16,P
13,2026-04-15,A
13,2026-04-14,A
13,2026-04-13,A
13,2026-04-12,P
13,2026-04-11,A
13,2026-04-10,P
13,2026-04-09,P
13,2026-04-08,A
13,2026-04-07,P
13,2026-04-06,A
13,2026-04-05,P
13,2026-04-04,P
13,2026-04-03,P
13,2026-04-02,A
13,2026-04-01,P
13,2026-03-31,A
13,2026-03-30,P
13,2026-03-29,P
13,2026-03-28,P
13,2026-03-27,P
13,2026-03-26,P
13,2026-03-25,P
13,2026-03-24,A
13,2026-03-23,P
13,2026-03-22,P
13,2026-03-21,P
13,2026-03-20,A
13,2026-03-19,A
13,2026-03-18,P
13,2026-03-17,P
13,2026-03-16,P
13,2026-03-15,P
13,2026-03-14,P
13,2026-03-13,P
13,2026-03-12,P
13,2026-03-11,P
13,2026-03-10,P
13,2026-03-09,A
13,2026-03-08,A
13,2026-03-07,A
13,2026-03-06,P
13,2026-03-05,A
13,2026-03-04,P
13,2026-03-03,A
13,2026-03-02,A
13,2026-03-01,P
13,2026-02-28,P
13,2026-05-18,P
14,2026-04-18,P
14,2026-04-17,P
14,2026-04-16,A
14,2026-04-15,P
14,2026-04-14,P
14,2026-04-13,P
14,2026-04-12,P
14,2026-04-11,P
14,2026-04-10,P
14,2026-04-09,P
14,2026-04-08,P
14,2026-04-07,P
14,2026-04-06,A
14,2026-04-05,P
14,2026-04-04,P
14,2026-04-03,P
14,2026-04-02,P
14,2026-04-01,P
14,2026-03-31,P
14,2026-03-30,P
14,2026-03-29,P
14,2026-03-28,P
14,2026-03-27,A
14,2026-03-26,P
14,2026-03-25,P
14,2026-03-24,P
14,2026-03-23,P
14,2026-03-22,A
14,2026-03-21,P
14,2026-03-20,P
14,2026-03-19,P
14,2026-03-18,P
14,2026-03-17,P
14,2026-03-16,P
14,2026-03-15,P
14,2026-03-14,P
14,2026-03-13,P
14,2026-03-12,P
14,2026-03-11,P
14,2026-03-10,P
14,2026-03-09,P
14,2026-03-08,P
14,2026-03-07,P
14,2026-03-06,A
14,2026-03-05,P
14,2026-03-04,P
14,2026-03-03,P
14,2026-03-02,A
14,2026-03-01,P
14,2026-02-28,P
14,2026-05-18,P
15,2026-04-18,P
15,2026-04-17,A
15,2026-04-16,A
15,2026-04-15,P
15,2026-04-14,P
15,2026-04-13,P
15,2026-04-12,P
15,2026-04-11,P
15,2026-04-10,P
15,2026-04-09,P
15,2026-04-08,P
15,2026-04-07,P
15,2026-04-06,A
15,2026-04-05,P
15,2026-04-04,P
15,2026-04-03,P
15,2026-04-02,P
15,2026-04-01,P
15,2026-03-31,P
15,2026-03-30,P
15,2026-03-29,P
15,2026-03-28,A
15,2026-03-27,A
15,2026-03-26,P
15,2026-03-25,A
15,2026-03-24,A
15,2026-03-23,P
15,2026-03-22,P
15,2026-03-21,P
15,2026-03-20,P
15,2026-03-19,P
15,2026-03-18,P
15,2026-03-17,A
15,2026-03-16,P
15,2026-03-15,P
15,2026-03-14,P
15,2026-03-13,P
15,2026-03-12,P
15,2026-03-11,P
15,2026-03-10,P
15,2026-03-09,P
15,2026-03-08,A
15,2026-03-07,P
15,2026-03-06,P
15,2026-03-05,P
15,2026-03-04,A
15,2026-03-03,A
15,2026-03-02,P
15,2026-03-01,P
15,2026-02-28,P
15,2026-05-18,P
